"STATION","NAME","LATITUDE","LONGITUDE","ELEVATION","DATE","AWND","CDSD","PRCP","PSUN","SNOW","TAVG","TMAX","TMIN","TSUN"
"USW00094860","GRAND RAPIDS GERALD R FORD INTERNATIONAL AIRPORT, MI US","42.8825","-85.52389","244.8","2010-01","10.1","0","0.85",,"9.3","25.1","30.1","20.0",
"USW00094860","GRAND RAPIDS GERALD R FORD INTERNATIONAL AIRPORT, MI US","42.8825","-85.52389","244.8","2010-02","8.1","0","1.81",,"24.8","27.2","32.2","22.1",
"USW00094860","GRAND RAPIDS GERALD R FORD INTERNATIONAL AIRPORT, MI US","42.8825","-85.52389","244.8","2010-03","7.8","0","1.17",,"2.0","41.2","51.8","30.6",
"USW00094860","GRAND RAPIDS GERALD R FORD INTERNATIONAL AIRPORT, MI US","42.8825","-85.52389","244.8","2010-04","10.3","11","3.81",,"0.0","53.7","65.7","41.6",
"USW00094860","GRAND RAPIDS GERALD R FORD INTERNATIONAL AIRPORT, MI US","42.8825","-85.52389","244.8","2010-05","8.7","102","3.80",,"0.0","61.6","71.2","51.9",
"USW00094860","GRAND RAPIDS GERALD R FORD INTERNATIONAL AIRPORT, MI US","42.8825","-85.52389","244.8","2010-06","8.1","249","8.05",,"0.0","69.2","78.4","60.1",
"USW00094860","GRAND RAPIDS GERALD R FORD INTERNATIONAL AIRPORT, MI US","42.8825","-85.52389","244.8","2010-07","7.2","576","4.67",,"0.0","75.5","85.0","66.0",
"USW00094860","GRAND RAPIDS GERALD R FORD INTERNATIONAL AIRPORT, MI US","42.8825","-85.52389","244.8","2010-08","7.2","884","1.74",,"0.0","74.9","84.5","65.3",
"USW00094860","GRAND RAPIDS GERALD R FORD INTERNATIONAL AIRPORT, MI US","42.8825","-85.52389","244.8","2010-09","8.9","937","2.80",,"0.0","62.7","71.6","53.8",
"USW00094860","GRAND RAPIDS GERALD R FORD INTERNATIONAL AIRPORT, MI US","42.8825","-85.52389","244.8","2010-10","8.7","937","2.60",,"0.0","53.5","64.2","42.9",
"USW00094860","GRAND RAPIDS GERALD R FORD INTERNATIONAL AIRPORT, MI US","42.8825","-85.52389","244.8","2010-11","9.4","937","2.82",,"0.1","41.8","51.1","32.5",
"USW00094860","GRAND RAPIDS GERALD R FORD INTERNATIONAL AIRPORT, MI US","42.8825","-85.52389","244.8","2010-12","9.6","937","1.78",,"11.5","27.4","31.9","22.8",
"USW00094860","GRAND RAPIDS GERALD R FORD INTERNATIONAL AIRPORT, MI US","42.8825","-85.52389","244.8","2011-01","8.3","0","1.32",,"21.2","21.4","27.1","15.6",
"USW00094860","GRAND RAPIDS GERALD R FORD INTERNATIONAL AIRPORT, MI US","42.8825","-85.52389","244.8","2011-02","11.2","0","2.95",,"38.2","25.6","33.0","18.3",
"USW00094860","GRAND RAPIDS GERALD R FORD INTERNATIONAL AIRPORT, MI US","42.8825","-85.52389","244.8","2011-03","9.4","0","4.02",,"1.2","33.8","41.9","25.6",
"USW00094860","GRAND RAPIDS GERALD R FORD INTERNATIONAL AIRPORT, MI US","42.8825","-85.52389","244.8","2011-04","11.6","4","7.20",,"1.9","46.6","55.6","37.6",
"USW00094860","GRAND RAPIDS GERALD R FORD INTERNATIONAL AIRPORT, MI US","42.8825","-85.52389","244.8","2011-05","9.8","60","4.54",,"0.0","60.0","69.6","50.4",
"USW00094860","GRAND RAPIDS GERALD R FORD INTERNATIONAL AIRPORT, MI US","42.8825","-85.52389","244.8","2011-06","8.5","208","3.33",,"0.0","69.0","78.7","59.4",
"USW00094860","GRAND RAPIDS GERALD R FORD INTERNATIONAL AIRPORT, MI US","42.8825","-85.52389","244.8","2011-07","6.7","582","6.87",,"0.0","77.1","87.0","67.1",
"USW00094860","GRAND RAPIDS GERALD R FORD INTERNATIONAL AIRPORT, MI US","42.8825","-85.52389","244.8","2011-08","6.3","792","4.43",,"0.0","71.8","81.3","62.3",
"USW00094860","GRAND RAPIDS GERALD R FORD INTERNATIONAL AIRPORT, MI US","42.8825","-85.52389","244.8","2011-09","7.8","860","2.24",,"0.0","61.9","71.7","52.1",
"USW00094860","GRAND RAPIDS GERALD R FORD INTERNATIONAL AIRPORT, MI US","42.8825","-85.52389","244.8","2011-10","8.1","866","3.13","56.3","0.0","52.5","63.1","41.9","11755"
"USW00094860","GRAND RAPIDS GERALD R FORD INTERNATIONAL AIRPORT, MI US","42.8825","-85.52389","244.8","2011-11","10.3","866","2.50","37.9","0.7","43.7","51.9","35.5","6408"
"USW00094860","GRAND RAPIDS GERALD R FORD INTERNATIONAL AIRPORT, MI US","42.8825","-85.52389","244.8","2011-12","8.9","866","2.59","24.7","4.5","34.9","40.6","29.3","4177"
"USW00094860","GRAND RAPIDS GERALD R FORD INTERNATIONAL AIRPORT, MI US","42.8825","-85.52389","244.8","2012-01","9.8","0","3.21","31.0","27.0","29.7","37.1","22.3","5404"
"USW00094860","GRAND RAPIDS GERALD R FORD INTERNATIONAL AIRPORT, MI US","42.8825","-85.52389","244.8","2012-02","8.9","0","2.01","37.0","16.2","31.9","38.4","25.3","6764"
"USW00094860","GRAND RAPIDS GERALD R FORD INTERNATIONAL AIRPORT, MI US","42.8825","-85.52389","244.8","2012-03","10.5","25","3.14","52.0","2.8","50.7","60.6","40.8","11677"
"USW00094860","GRAND RAPIDS GERALD R FORD INTERNATIONAL AIRPORT, MI US","42.8825","-85.52389","244.8","2012-04","9.6","26","3.09","63.0","0.0","48.3","59.1","37.5","15195"
"USW00094860","GRAND RAPIDS GERALD R FORD INTERNATIONAL AIRPORT, MI US","42.8825","-85.52389","244.8","2012-05","8.5","103","2.72","66.6","0.0","63.2","74.6","51.8","18277"
"USW00094860","GRAND RAPIDS GERALD R FORD INTERNATIONAL AIRPORT, MI US","42.8825","-85.52389","244.8","2012-06","8.7","306","2.17","79.2","0.0","70.8","83.3","58.3","21787"
"USW00094860","GRAND RAPIDS GERALD R FORD INTERNATIONAL AIRPORT, MI US","42.8825","-85.52389","244.8","2012-07","7.4","747","2.56","79.8","0.0","79.2","91.1","67.4","21328"
"USW00094860","GRAND RAPIDS GERALD R FORD INTERNATIONAL AIRPORT, MI US","42.8825","-85.52389","244.8","2012-08","6.5","939","3.34","72.1","0.0","70.8","82.0","59.7","18493"
"USW00094860","GRAND RAPIDS GERALD R FORD INTERNATIONAL AIRPORT, MI US","42.8825","-85.52389","244.8","2012-09","7.4","1010","1.97","73.8","0.0","63.0","74.2","51.7","16521"
"USW00094860","GRAND RAPIDS GERALD R FORD INTERNATIONAL AIRPORT, MI US","42.8825","-85.52389","244.8","2012-10","9.8","1014","6.31","42.8","0.0","50.9","59.6","42.2","8772"
"USW00094860","GRAND RAPIDS GERALD R FORD INTERNATIONAL AIRPORT, MI US","42.8825","-85.52389","244.8","2012-11","7.8","1014","0.49","43.2","0.4","40.1","48.6","31.5","7569"
"USW00094860","GRAND RAPIDS GERALD R FORD INTERNATIONAL AIRPORT, MI US","42.8825","-85.52389","244.8","2012-12","8.9","1014","2.85","17.6","7.2","35.1","41.7","28.5","2992"
"USW00094860","GRAND RAPIDS GERALD R FORD INTERNATIONAL AIRPORT, MI US","42.8825","-85.52389","244.8","2013-01","10.5","0","4.01","24.9","17.0","28.0","35.1","20.9","4341"
"USW00094860","GRAND RAPIDS GERALD R FORD INTERNATIONAL AIRPORT, MI US","42.8825","-85.52389","244.8","2013-02","10.3","0","3.06","18.1","33.1","24.8","32.3","17.3","3212"
"USW00094860","GRAND RAPIDS GERALD R FORD INTERNATIONAL AIRPORT, MI US","42.8825","-85.52389","244.8","2013-03","9.6","0","0.94","36.6","7.7","31.5","38.8","24.3","8172"
"USW00094860","GRAND RAPIDS GERALD R FORD INTERNATIONAL AIRPORT, MI US","42.8825","-85.52389","244.8","2013-04","11.6","2","11.10","43.0","0.7","44.6","53.5","35.7","10626"
"USW00094860","GRAND RAPIDS GERALD R FORD INTERNATIONAL AIRPORT, MI US","42.8825","-85.52389","244.8","2013-05","8.3","79","3.60","63.2","0.0","62.5","73.6","51.4","17165"
"USW00094860","GRAND RAPIDS GERALD R FORD INTERNATIONAL AIRPORT, MI US","42.8825","-85.52389","244.8","2013-06","7.4","224","4.52","65.7","0.0","68.4","78.3","58.5","18076"
"USW00094860","GRAND RAPIDS GERALD R FORD INTERNATIONAL AIRPORT, MI US","42.8825","-85.52389","244.8","2013-07","7.2","476","3.21","68.0","0.0","72.8","82.8","62.7","18830"
"USW00094860","GRAND RAPIDS GERALD R FORD INTERNATIONAL AIRPORT, MI US","42.8825","-85.52389","244.8","2013-08","6.0","649","1.90","72.1","0.0","70.1","80.7","59.5","18556"
"USW00094860","GRAND RAPIDS GERALD R FORD INTERNATIONAL AIRPORT, MI US","42.8825","-85.52389","244.8","2013-09","7.2","728","1.25","70.1","0.0","63.7","74.6","52.9","15723"
"USW00094860","GRAND RAPIDS GERALD R FORD INTERNATIONAL AIRPORT, MI US","42.8825","-85.52389","244.8","2013-10","8.1","741","5.46","41.5","0.0","53.1","62.6","43.6","8615"
"USW00094860","GRAND RAPIDS GERALD R FORD INTERNATIONAL AIRPORT, MI US","42.8825","-85.52389","244.8","2013-11","11.0","741","3.76","34.0","2.2","37.8","44.9","30.8","5990"
"USW00094860","GRAND RAPIDS GERALD R FORD INTERNATIONAL AIRPORT, MI US","42.8825","-85.52389","244.8","2013-12","9.8","741","2.70","16.4","34.8","26.2","31.5","21.0","2775"
"USW00094860","GRAND RAPIDS GERALD R FORD INTERNATIONAL AIRPORT, MI US","42.8825","-85.52389","244.8","2014-01","12.3","0","3.41","17.2","41.9","18.2","25.6","10.9","3023"
"USW00094860","GRAND RAPIDS GERALD R FORD INTERNATIONAL AIRPORT, MI US","42.8825","-85.52389","244.8","2014-02","10.7","0","2.35","28.8","29.1","17.9","25.3","10.5","5206"
"USW00094860","GRAND RAPIDS GERALD R FORD INTERNATIONAL AIRPORT, MI US","42.8825","-85.52389","244.8","2014-03","10.1","0","1.54","51.3","6.4","26.7","36.0","17.4","11324"
"USW00094860","GRAND RAPIDS GERALD R FORD INTERNATIONAL AIRPORT, MI US","42.8825","-85.52389","244.8","2014-04","11.4","2","2.62","58.0","1.8","47.6","59.0","36.2","13625"
"USW00094860","GRAND RAPIDS GERALD R FORD INTERNATIONAL AIRPORT, MI US","42.8825","-85.52389","244.8","2014-05","9.4","50","3.31","62.7","0.0","59.3","70.1","48.6","17179"
"USW00094860","GRAND RAPIDS GERALD R FORD INTERNATIONAL AIRPORT, MI US","42.8825","-85.52389","244.8","2014-06","8.1","219","5.15","56.6","0.0","70.2","79.6","60.7","15556"
"USW00094860","GRAND RAPIDS GERALD R FORD INTERNATIONAL AIRPORT, MI US","42.8825","-85.52389","244.8","2014-07","7.8","338","4.43","68.2","0.0","68.4","78.4","58.5","19221"
"USW00094860","GRAND RAPIDS GERALD R FORD INTERNATIONAL AIRPORT, MI US","42.8825","-85.52389","244.8","2014-08","7.2","534","3.69","62.7","0.0","71.0","80.8","61.1","16474"
"USW00094860","GRAND RAPIDS GERALD R FORD INTERNATIONAL AIRPORT, MI US","42.8825","-85.52389","244.8","2014-09","7.2","582","3.10","68.4","0.0","62.1","72.6","51.5","15351"
"USW00094860","GRAND RAPIDS GERALD R FORD INTERNATIONAL AIRPORT, MI US","42.8825","-85.52389","244.8","2014-10","8.7","582","5.00","40.4","0.0","50.8","60.2","41.5","8298"
"USW00094860","GRAND RAPIDS GERALD R FORD INTERNATIONAL AIRPORT, MI US","42.8825","-85.52389","244.8","2014-11","11.0","582","4.12","18.6","31.0","34.4","41.0","27.8","3349"
"USW00094860","GRAND RAPIDS GERALD R FORD INTERNATIONAL AIRPORT, MI US","42.8825","-85.52389","244.8","2014-12","9.6","582","1.58","27.2","1.0","32.0","37.3","26.7","4605"
"USW00094860","GRAND RAPIDS GERALD R FORD INTERNATIONAL AIRPORT, MI US","42.8825","-85.52389","244.8","2015-01","10.5","0","1.88","19.2","23.3","21.3","27.9","14.7","3389"
"USW00094860","GRAND RAPIDS GERALD R FORD INTERNATIONAL AIRPORT, MI US","42.8825","-85.52389","244.8","2015-02","10.3","0","1.17","33.7","19.6","13.5","22.1","4.9","6048"
"USW00094860","GRAND RAPIDS GERALD R FORD INTERNATIONAL AIRPORT, MI US","42.8825","-85.52389","244.8","2015-03","10.3","0","1.05","63.6","3.2","32.4","42.1","22.8","14184"
"USW00094860","GRAND RAPIDS GERALD R FORD INTERNATIONAL AIRPORT, MI US","42.8825","-85.52389","244.8","2015-04","10.7","0","4.07","55.1","0.1","47.7","59.4","36.0","13726"
"USW00094860","GRAND RAPIDS GERALD R FORD INTERNATIONAL AIRPORT, MI US","42.8825","-85.52389","244.8","2015-05","9.6","48","3.48","44.9","0.0","60.9","71.3","50.4","12261"
"USW00094860","GRAND RAPIDS GERALD R FORD INTERNATIONAL AIRPORT, MI US","42.8825","-85.52389","244.8","2015-06","8.3","131","4.04","52.8","0.0","66.7","76.6","56.8","14534"
"USW00094860","GRAND RAPIDS GERALD R FORD INTERNATIONAL AIRPORT, MI US","42.8825","-85.52389","244.8","2015-07","7.6","323","2.23","68.9","0.0","70.8","81.3","60.2","19138"
"USW00094860","GRAND RAPIDS GERALD R FORD INTERNATIONAL AIRPORT, MI US","42.8825","-85.52389","244.8","2015-08","7.8","485","3.76","51.3","0.0","69.7","78.7","60.6","13325"
"USW00094860","GRAND RAPIDS GERALD R FORD INTERNATIONAL AIRPORT, MI US","42.8825","-85.52389","244.8","2015-09","7.2","614","2.26","61.1","0.0","67.2","77.5","56.9","13737"
"USW00094860","GRAND RAPIDS GERALD R FORD INTERNATIONAL AIRPORT, MI US","42.8825","-85.52389","244.8","2015-10","10.5","614","3.28","39.5","0.0","52.1","61.1","43.1","8134"
"USW00094860","GRAND RAPIDS GERALD R FORD INTERNATIONAL AIRPORT, MI US","42.8825","-85.52389","244.8","2015-11","11.0","614","2.61","51.1","3.5","45.5","55.0","36.0","9071"
"USW00094860","GRAND RAPIDS GERALD R FORD INTERNATIONAL AIRPORT, MI US","42.8825","-85.52389","244.8","2015-12","11.4","614","3.33","16.0","2.5","39.2","45.2","33.2","2718"
"USW00094860","GRAND RAPIDS GERALD R FORD INTERNATIONAL AIRPORT, MI US","42.8825","-85.52389","244.8","2016-01","10.5","0","2.15","17.4","20.8","26.1","31.9","20.3","3045"
"USW00094860","GRAND RAPIDS GERALD R FORD INTERNATIONAL AIRPORT, MI US","42.8825","-85.52389","244.8","2016-02","11.4","0","2.78","24.3","14.8","29.6","36.6","22.6","4524"
"USW00094860","GRAND RAPIDS GERALD R FORD INTERNATIONAL AIRPORT, MI US","42.8825","-85.52389","244.8","2016-03","9.8","0","4.94","41.9","10.1","40.6","49.8","31.5","9421"
"USW00094860","GRAND RAPIDS GERALD R FORD INTERNATIONAL AIRPORT, MI US","42.8825","-85.52389","244.8","2016-04","9.4","0","3.93","46.1","9.4","46.0","56.0","36.0","11158"
"USW00094860","GRAND RAPIDS GERALD R FORD INTERNATIONAL AIRPORT, MI US","42.8825","-85.52389","244.8","2016-05","8.9","69","3.01","69.3","0.0","60.4","71.6","49.3","18866"
"USW00094860","GRAND RAPIDS GERALD R FORD INTERNATIONAL AIRPORT, MI US","42.8825","-85.52389","244.8","2016-06","8.3","251","1.15","73.2","0.0","70.3","82.3","58.4","20150"
"USW00094860","GRAND RAPIDS GERALD R FORD INTERNATIONAL AIRPORT, MI US","42.8825","-85.52389","244.8","2016-07",,"539","5.63","74.0","0.0","74.3","84.9","63.6","20604"
"USW00094860","GRAND RAPIDS GERALD R FORD INTERNATIONAL AIRPORT, MI US","42.8825","-85.52389","244.8","2016-08","6.7","803","7.97","76.1","0.0","73.5","83.4","63.7","19682"
"USW00094860","GRAND RAPIDS GERALD R FORD INTERNATIONAL AIRPORT, MI US","42.8825","-85.52389","244.8","2016-09","8.3","893","2.40","55.7","0.0","66.4","76.0","56.9","12582"
"USW00094860","GRAND RAPIDS GERALD R FORD INTERNATIONAL AIRPORT, MI US","42.8825","-85.52389","244.8","2016-10","8.3","901","6.15","37.2","0.0","54.7","63.7","45.6","7672"
"USW00094860","GRAND RAPIDS GERALD R FORD INTERNATIONAL AIRPORT, MI US","42.8825","-85.52389","244.8","2016-11","9.4","901","3.24","40.1","0.8","45.4","53.5","37.2","7506"
"USW00094860","GRAND RAPIDS GERALD R FORD INTERNATIONAL AIRPORT, MI US","42.8825","-85.52389","244.8","2016-12","11.4","901","2.96","9.0","37.0","27.7","32.2","23.1","1516"
"USW00094860","GRAND RAPIDS GERALD R FORD INTERNATIONAL AIRPORT, MI US","42.8825","-85.52389","244.8","2017-01","9.8","0","3.52","11.9","14.8","29.1","34.2","24.0","2056"
"USW00094860","GRAND RAPIDS GERALD R FORD INTERNATIONAL AIRPORT, MI US","42.8825","-85.52389","244.8","2017-02","11.0","0","2.06","40.1","2.4","34.8","43.1","26.4","7146"
"USW00094860","GRAND RAPIDS GERALD R FORD INTERNATIONAL AIRPORT, MI US","42.8825","-85.52389","244.8","2017-03","11.4","0","3.28","47.2","4.7","35.1","43.0","27.2","10409"
"USW00094860","GRAND RAPIDS GERALD R FORD INTERNATIONAL AIRPORT, MI US","42.8825","-85.52389","244.8","2017-04","11.4","5","6.26","48.3","0.4","51.9","62.1","41.7","11645"
"USW00094860","GRAND RAPIDS GERALD R FORD INTERNATIONAL AIRPORT, MI US","42.8825","-85.52389","244.8","2017-05","10.5","29","1.50","59.9","0.0","57.6","68.0","47.1","16345"
"USW00094860","GRAND RAPIDS GERALD R FORD INTERNATIONAL AIRPORT, MI US","42.8825","-85.52389","244.8","2017-06","10.1","188","4.88","69.2","0.0","69.5","80.4","58.5","19063"
"USW00094860","GRAND RAPIDS GERALD R FORD INTERNATIONAL AIRPORT, MI US","42.8825","-85.52389","244.8","2017-07","7.2","422","1.12","71.2","0.0","72.5","82.9","62.1","19774"
"USW00094860","GRAND RAPIDS GERALD R FORD INTERNATIONAL AIRPORT, MI US","42.8825","-85.52389","244.8","2017-08","7.2","556","1.72","64.0","0.0","68.7","79.2","58.3","16492"
"USW00094860","GRAND RAPIDS GERALD R FORD INTERNATIONAL AIRPORT, MI US","42.8825","-85.52389","244.8","2017-09","6.7","687","0.66","77.4","0.0","66.5","79.2","53.8","17352"
"USW00094860","GRAND RAPIDS GERALD R FORD INTERNATIONAL AIRPORT, MI US","42.8825","-85.52389","244.8","2017-10","9.8","697","9.69","41.7","0.4","55.2","64.5","45.9","8614"
"USW00094860","GRAND RAPIDS GERALD R FORD INTERNATIONAL AIRPORT, MI US","42.8825","-85.52389","244.8","2017-11","9.8","697","2.80","38.8","0.2","38.6","45.7","31.5","6705"
"USW00094860","GRAND RAPIDS GERALD R FORD INTERNATIONAL AIRPORT, MI US","42.8825","-85.52389","244.8","2017-12","9.8","697","1.96",,"33.0","24.5","31.0","18.0",
"USW00094860","GRAND RAPIDS GERALD R FORD INTERNATIONAL AIRPORT, MI US","42.8825","-85.52389","244.8","2018-01","11.0","0","2.13",,"12.7","25.0","32.2","17.9",
"USW00094860","GRAND RAPIDS GERALD R FORD INTERNATIONAL AIRPORT, MI US","42.8825","-85.52389","244.8","2018-02","10.5","0","4.94",,"20.7","29.9","37.2","22.6",
"USW00094860","GRAND RAPIDS GERALD R FORD INTERNATIONAL AIRPORT, MI US","42.8825","-85.52389","244.8","2018-03","10.3","0","1.16","58.3","4.9","34.4","43.3","25.6","12919"
"USW00094860","GRAND RAPIDS GERALD R FORD INTERNATIONAL AIRPORT, MI US","42.8825","-85.52389","244.8","2018-04","10.3","0","2.85","53.8","6.1","40.2","49.4","31.0","13096"
"USW00094860","GRAND RAPIDS GERALD R FORD INTERNATIONAL AIRPORT, MI US","42.8825","-85.52389","244.8","2018-05","8.7","105","5.65","62.6","0.0","64.8","75.5","54.2","17069"
"USW00094860","GRAND RAPIDS GERALD R FORD INTERNATIONAL AIRPORT, MI US","42.8825","-85.52389","244.8","2018-06","9.4","267","2.50","52.1","0.0","69.9","79.1","60.7","13894"
"USW00094860","GRAND RAPIDS GERALD R FORD INTERNATIONAL AIRPORT, MI US","42.8825","-85.52389","244.8","2018-07","7.2","557","2.30","66.1","0.0","74.4","85.0","63.7","18406"
"USW00094860","GRAND RAPIDS GERALD R FORD INTERNATIONAL AIRPORT, MI US","42.8825","-85.52389","244.8","2018-08","7.2","822","6.62","50.3","0.0","73.5","83.4","63.6","12294"
"USW00094860","GRAND RAPIDS GERALD R FORD INTERNATIONAL AIRPORT, MI US","42.8825","-85.52389","244.8","2018-09","7.6","954","5.93","52.6","0.0","66.1","75.6","56.6","11757"
"USW00094860","GRAND RAPIDS GERALD R FORD INTERNATIONAL AIRPORT, MI US","42.8825","-85.52389","244.8","2018-10","9.2","973","5.69","35.6","0.0","50.4","58.9","41.8","7309"
"USW00094860","GRAND RAPIDS GERALD R FORD INTERNATIONAL AIRPORT, MI US","42.8825","-85.52389","244.8","2018-11","9.8","973","2.74","8.9","14.4","34.6","39.1","30.2","1556"
"USW00094860","GRAND RAPIDS GERALD R FORD INTERNATIONAL AIRPORT, MI US","42.8825","-85.52389","244.8","2018-12","8.9","973","2.00","12.6","3.2","32.5","37.8","27.3","2124"
"USW00094860","GRAND RAPIDS GERALD R FORD INTERNATIONAL AIRPORT, MI US","42.8825","-85.52389","244.8","2019-01","10.7","0","2.91","21.7","30.5","21.9","28.1","15.7","3805"
"USW00094860","GRAND RAPIDS GERALD R FORD INTERNATIONAL AIRPORT, MI US","42.8825","-85.52389","244.8","2019-02","11.4","0","3.44","16.9","20.4","25.7","32.8","18.6","3012"
"USW00094860","GRAND RAPIDS GERALD R FORD INTERNATIONAL AIRPORT, MI US","42.8825","-85.52389","244.8","2019-03","10.1","0","2.24","42.0","7.9","32.3","40.8","23.7","9489"
"USW00094860","GRAND RAPIDS GERALD R FORD INTERNATIONAL AIRPORT, MI US","42.8825","-85.52389","244.8","2019-04","11.4","0","4.05","48.7","4.9","47.7","57.3","38.0","11729"
"USW00094860","GRAND RAPIDS GERALD R FORD INTERNATIONAL AIRPORT, MI US","42.8825","-85.52389","244.8","2019-05","9.2","6","5.96","35.6","0.0","57.0","66.5","47.4","9706"
"USW00094860","GRAND RAPIDS GERALD R FORD INTERNATIONAL AIRPORT, MI US","42.8825","-85.52389","244.8","2019-06","7.8","111","4.37","51.1","0.0","66.8","76.7","56.9","13974"
"USW00094860","GRAND RAPIDS GERALD R FORD INTERNATIONAL AIRPORT, MI US","42.8825","-85.52389","244.8","2019-07","7.8","433","3.93",,"0.0","75.4","85.4","65.4",
"USW00094860","GRAND RAPIDS GERALD R FORD INTERNATIONAL AIRPORT, MI US","42.8825","-85.52389","244.8","2019-08","7.2","620","3.41","68.9","0.0","70.8","81.5","60.0","17730"
"USW00094860","GRAND RAPIDS GERALD R FORD INTERNATIONAL AIRPORT, MI US","42.8825","-85.52389","244.8","2019-09","8.5","708","7.33","43.7","0.0","66.3","74.9","57.8","9790"
"USW00094860","GRAND RAPIDS GERALD R FORD INTERNATIONAL AIRPORT, MI US","42.8825","-85.52389","244.8","2019-10","9.6","716","7.14","35.0","0.3","50.2","58.1","42.2","7333"
"USW00094860","GRAND RAPIDS GERALD R FORD INTERNATIONAL AIRPORT, MI US","42.8825","-85.52389","244.8","2019-11","9.4","716","2.63","18.2","6.5","34.6","40.5","28.8","3188"
"USW00094860","GRAND RAPIDS GERALD R FORD INTERNATIONAL AIRPORT, MI US","42.8825","-85.52389","244.8","2019-12","10.1","716","4.04","19.1","14.3","33.3","39.8","26.9","3215"
"USW00094889","ANN ARBOR MUNICIPAL AIRPORT, MI US","42.22278","-83.74444","255.7","2010-01","8.3","0","0.54",,,"23.5","29.6","17.4",
"USW00094889","ANN ARBOR MUNICIPAL AIRPORT, MI US","42.22278","-83.74444","255.7","2010-02","7.2","0","0.94",,,"25.9","32.2","19.6",
"USW00094889","ANN ARBOR MUNICIPAL AIRPORT, MI US","42.22278","-83.74444","255.7","2010-03","6.9","0","1.38",,,"40.1","51.8","28.4",
"USW00094889","ANN ARBOR MUNICIPAL AIRPORT, MI US","42.22278","-83.74444","255.7","2010-04","8.3","1","2.31",,,"51.4","65.4","37.4",
"USW00094889","ANN ARBOR MUNICIPAL AIRPORT, MI US","42.22278","-83.74444","255.7","2010-05","6.3","56","7.28",,,"60.8","72.4","49.1",
"USW00094889","ANN ARBOR MUNICIPAL AIRPORT, MI US","42.22278","-83.74444","255.7","2010-06","6.7","186","3.64",,,"68.6","79.2","57.9",
"USW00094889","ANN ARBOR MUNICIPAL AIRPORT, MI US","42.22278","-83.74444","255.7","2010-07","4.9","416","4.53",,,"72.4","85.2","59.5",
"USW00094889","ANN ARBOR MUNICIPAL AIRPORT, MI US","42.22278","-83.74444","255.7","2010-08","4.9","627","1.72",,,"71.6","83.4","59.9",
"USW00094889","ANN ARBOR MUNICIPAL AIRPORT, MI US","42.22278","-83.74444","255.7","2010-09","7.6","684","2.52",,,"61.6","72.8","50.4",
"USW00094889","ANN ARBOR MUNICIPAL AIRPORT, MI US","42.22278","-83.74444","255.7","2010-10","7.4","684","1.00",,,"52.1","64.7","39.6",
"USW00094889","ANN ARBOR MUNICIPAL AIRPORT, MI US","42.22278","-83.74444","255.7","2010-11","6.9","684","3.01",,,"39.1","51.0","27.3",
"USW00094889","ANN ARBOR MUNICIPAL AIRPORT, MI US","42.22278","-83.74444","255.7","2010-12","8.5","684","0.80",,,"24.0","30.0","18.1",
"USW00094889","ANN ARBOR MUNICIPAL AIRPORT, MI US","42.22278","-83.74444","255.7","2011-01","6.9","0","0.74",,,"18.8","27.0","10.5",
"USW00094889","ANN ARBOR MUNICIPAL AIRPORT, MI US","42.22278","-83.74444","255.7","2011-02","9.2","0","2.08",,,"22.1","31.6","12.6",
"USW00094889","ANN ARBOR MUNICIPAL AIRPORT, MI US","42.22278","-83.74444","255.7","2011-03","7.8","0","2.72",,,"33.3","43.0","23.7",
"USW00094889","ANN ARBOR MUNICIPAL AIRPORT, MI US","42.22278","-83.74444","255.7","2011-04","10.1","0","5.44",,,"46.2","56.0","36.4",
"USW00094889","ANN ARBOR MUNICIPAL AIRPORT, MI US","42.22278","-83.74444","255.7","2011-05","6.7","46","6.34",,,"59.4","69.6","49.1",
"USW00094889","ANN ARBOR MUNICIPAL AIRPORT, MI US","42.22278","-83.74444","255.7","2011-06","6.7","148","1.35",,,"67.2","79.2","55.2",
"USW00094889","ANN ARBOR MUNICIPAL AIRPORT, MI US","42.22278","-83.74444","255.7","2011-07","4.9","466","8.41",,,"75.3","89.1","61.5",
"USW00094889","ANN ARBOR MUNICIPAL AIRPORT, MI US","42.22278","-83.74444","255.7","2011-08","5.1","614","0.63",,,"69.3","81.8","56.9",
"USW00094889","ANN ARBOR MUNICIPAL AIRPORT, MI US","42.22278","-83.74444","255.7","2011-09","6.3","671","4.65",,,"61.0","70.9","51.0",
"USW00094889","ANN ARBOR MUNICIPAL AIRPORT, MI US","42.22278","-83.74444","255.7","2011-10","6.3","671","2.82",,,"50.7","62.2","39.2",
"USW00094889","ANN ARBOR MUNICIPAL AIRPORT, MI US","42.22278","-83.74444","255.7","2011-11","8.9","671","5.50",,,"43.1","52.7","33.4",
"USW00094889","ANN ARBOR MUNICIPAL AIRPORT, MI US","42.22278","-83.74444","255.7","2011-12","7.2","671","2.22",,,"33.2","39.7","26.6",
"USW00094889","ANN ARBOR MUNICIPAL AIRPORT, MI US","42.22278","-83.74444","255.7","2012-01","8.7","0","2.20",,,"28.7","36.8","20.6",
"USW00094889","ANN ARBOR MUNICIPAL AIRPORT, MI US","42.22278","-83.74444","255.7","2012-02","7.8","0","1.14",,,"31.0","38.6","23.5",
"USW00094889","ANN ARBOR MUNICIPAL AIRPORT, MI US","42.22278","-83.74444","255.7","2012-03","8.5","6","3.10",,,"48.8","60.1","37.5",
"USW00094889","ANN ARBOR MUNICIPAL AIRPORT, MI US","42.22278","-83.74444","255.7","2012-04","8.1","7","1.85",,,"47.5","59.8","35.1",
"USW00094889","ANN ARBOR MUNICIPAL AIRPORT, MI US","42.22278","-83.74444","255.7","2012-05","5.8","59","1.22",,,"61.9","75.8","48.0",
"USW00094889","ANN ARBOR MUNICIPAL AIRPORT, MI US","42.22278","-83.74444","255.7","2012-06","6.9","200","1.04",,,"68.0","83.5","52.5",
"USW00094889","ANN ARBOR MUNICIPAL AIRPORT, MI US","42.22278","-83.74444","255.7","2012-07","5.8","508",,,,"76.0","90.8","61.2",
"USW00094889","ANN ARBOR MUNICIPAL AIRPORT, MI US","42.22278","-83.74444","255.7","2012-08","4.9","646","1.53",,,"69.2","84.5","53.9",
"USW00094889","ANN ARBOR MUNICIPAL AIRPORT, MI US","42.22278","-83.74444","255.7","2012-09","5.1","709","1.73",,,"59.7","74.4","45.1",
"USW00094889","ANN ARBOR MUNICIPAL AIRPORT, MI US","42.22278","-83.74444","255.7","2012-10","8.5","711","2.96",,,"49.7","60.4","39.1",
"USW00094889","ANN ARBOR MUNICIPAL AIRPORT, MI US","42.22278","-83.74444","255.7","2012-11","5.4","711","0.65",,,"37.3","48.7","25.9",
"USW00094889","ANN ARBOR MUNICIPAL AIRPORT, MI US","42.22278","-83.74444","255.7","2012-12","7.2","711","2.12",,,"33.5","41.1","25.8",
"USW00094889","ANN ARBOR MUNICIPAL AIRPORT, MI US","42.22278","-83.74444","255.7","2013-01","8.3","0","2.86",,,"25.8","35.2","16.5",
"USW00094889","ANN ARBOR MUNICIPAL AIRPORT, MI US","42.22278","-83.74444","255.7","2013-02","8.7","0","1.82",,,"25.1","33.1","17.2",
"USW00094889","ANN ARBOR MUNICIPAL AIRPORT, MI US","42.22278","-83.74444","255.7","2013-03","8.9","0","0.54",,,"32.3","40.9","23.6",
"USW00094889","ANN ARBOR MUNICIPAL AIRPORT, MI US","42.22278","-83.74444","255.7","2013-04","8.7","0","5.48",,,"44.7","55.8","33.6",
"USW00094889","ANN ARBOR MUNICIPAL AIRPORT, MI US","42.22278","-83.74444","255.7","2013-05","6.9","52","1.80",,,"60.7","74.9","46.5",
"USW00094889","ANN ARBOR MUNICIPAL AIRPORT, MI US","42.22278","-83.74444","255.7","2013-06","6.0","155","8.30",,,"66.9","78.1","55.7",
"USW00094889","ANN ARBOR MUNICIPAL AIRPORT, MI US","42.22278","-83.74444","255.7","2013-07","4.9","366","3.17",,,"70.8","81.7","60.0",
"USW00094889","ANN ARBOR MUNICIPAL AIRPORT, MI US","42.22278","-83.74444","255.7","2013-08","4.9","492","2.64",,,"68.1","80.3","55.9",
"USW00094889","ANN ARBOR MUNICIPAL AIRPORT, MI US","42.22278","-83.74444","255.7","2013-09","5.4","543","1.48",,,"60.4","74.0","46.9",
"USW00094889","ANN ARBOR MUNICIPAL AIRPORT, MI US","42.22278","-83.74444","255.7","2013-10","6.0","554","2.50",,,"50.7","62.7","38.6",
"USW00094889","ANN ARBOR MUNICIPAL AIRPORT, MI US","42.22278","-83.74444","255.7","2013-11","9.4","554","1.59",,,"35.9","44.7","27.0",
"USW00094889","ANN ARBOR MUNICIPAL AIRPORT, MI US","42.22278","-83.74444","255.7","2013-12","7.8","554","1.46",,,"25.5","33.5","17.5",
"USW00094889","ANN ARBOR MUNICIPAL AIRPORT, MI US","42.22278","-83.74444","255.7","2014-01","9.8","0","0.93",,,"13.8","23.7","3.9",
"USW00094889","ANN ARBOR MUNICIPAL AIRPORT, MI US","42.22278","-83.74444","255.7","2014-02","8.3","0","1.68",,,"14.7","25.4","3.9",
"USW00094889","ANN ARBOR MUNICIPAL AIRPORT, MI US","42.22278","-83.74444","255.7","2014-03","8.7","0","0.76",,,"26.2","36.3","16.1",
"USW00094889","ANN ARBOR MUNICIPAL AIRPORT, MI US","42.22278","-83.74444","255.7","2014-04","9.4","0","2.13",,,"47.1","59.8","34.4",
"USW00094889","ANN ARBOR MUNICIPAL AIRPORT, MI US","42.22278","-83.74444","255.7","2014-05","7.4","27","1.74",,,"58.2","70.6","45.7",
"USW00094889","ANN ARBOR MUNICIPAL AIRPORT, MI US","42.22278","-83.74444","255.7","2014-06","5.8","142","2.17",,,"67.4","79.4","55.5",
"USW00094889","ANN ARBOR MUNICIPAL AIRPORT, MI US","42.22278","-83.74444","255.7","2014-07","6.5","212","2.66",,,"65.9","79.1","52.7",
"USW00094889","ANN ARBOR MUNICIPAL AIRPORT, MI US","42.22278","-83.74444","255.7","2014-08","5.4","358","2.91",,,"69.3","81.0","57.6",
"USW00094889","ANN ARBOR MUNICIPAL AIRPORT, MI US","42.22278","-83.74444","255.7","2014-09",,"379","1.48",,,"58.8","72.6","45.1",
"USW00094889","ANN ARBOR MUNICIPAL AIRPORT, MI US","42.22278","-83.74444","255.7","2014-10","7.6","379","2.07",,,"49.5","60.7","38.4",
"USW00094889","ANN ARBOR MUNICIPAL AIRPORT, MI US","42.22278","-83.74444","255.7","2014-11","9.8","379","1.68",,,"33.8","42.6","25.0",
"USW00094889","ANN ARBOR MUNICIPAL AIRPORT, MI US","42.22278","-83.74444","255.7","2014-12","8.5","379","1.41",,,"32.5","38.8","26.1",
"USW00094889","ANN ARBOR MUNICIPAL AIRPORT, MI US","42.22278","-83.74444","255.7","2015-01","8.7","0","0.33",,,"19.8","28.1","11.7",
"USW00094889","ANN ARBOR MUNICIPAL AIRPORT, MI US","42.22278","-83.74444","255.7","2015-02","8.3","0","0.41",,,"10.1","22.1","-1.9",
"USW00094889","ANN ARBOR MUNICIPAL AIRPORT, MI US","42.22278","-83.74444","255.7","2015-03","8.5","0","0.65",,,"31.8","42.8","20.7",
"USW00094889","ANN ARBOR MUNICIPAL AIRPORT, MI US","42.22278","-83.74444","255.7","2015-04","8.5","0","2.55",,,"47.0","60.3","33.7",
"USW00094889","ANN ARBOR MUNICIPAL AIRPORT, MI US","42.22278","-83.74444","255.7","2015-05","7.2","57","5.29",,,"61.7","73.6","49.7",
"USW00094889","ANN ARBOR MUNICIPAL AIRPORT, MI US","42.22278","-83.74444","255.7","2015-06","6.7","133","3.96",,,"65.9","76.7","55.2",
"USW00094889","ANN ARBOR MUNICIPAL AIRPORT, MI US","42.22278","-83.74444","255.7","2015-07","5.8","273","1.46",,,"68.8","81.7","56.0",
"USW00094889","ANN ARBOR MUNICIPAL AIRPORT, MI US","42.22278","-83.74444","255.7","2015-08","6.0","381","2.89",,,"67.4","79.2","55.6",
"USW00094889","ANN ARBOR MUNICIPAL AIRPORT, MI US","42.22278","-83.74444","255.7","2015-09","5.4","474","1.80",,,"65.2","78.7","51.7",
"USW00094889","ANN ARBOR MUNICIPAL AIRPORT, MI US","42.22278","-83.74444","255.7","2015-10","8.5","474","1.84",,,"51.1","63.0","39.3",
"USW00094889","ANN ARBOR MUNICIPAL AIRPORT, MI US","42.22278","-83.74444","255.7","2015-11","8.1","474","1.68",,,"42.8","54.8","30.9",
"USW00094889","ANN ARBOR MUNICIPAL AIRPORT, MI US","42.22278","-83.74444","255.7","2015-12","8.3","474","2.53",,,"38.2","45.2","31.2",
"USW00094889","ANN ARBOR MUNICIPAL AIRPORT, MI US","42.22278","-83.74444","255.7","2016-01","9.4","0","0.86",,,"25.4","33.2","17.6",
"USW00094889","ANN ARBOR MUNICIPAL AIRPORT, MI US","42.22278","-83.74444","255.7","2016-02","9.8","0","0.96",,,"28.4","37.7","19.1",
"USW00094889","ANN ARBOR MUNICIPAL AIRPORT, MI US","42.22278","-83.74444","255.7","2016-03","8.3","0","3.98",,,"41.2","51.4","31.0",
"USW00094889","ANN ARBOR MUNICIPAL AIRPORT, MI US","42.22278","-83.74444","255.7","2016-04","7.8","0","2.65",,,"44.9","56.2","33.7",
"USW00094889","ANN ARBOR MUNICIPAL AIRPORT, MI US","42.22278","-83.74444","255.7","2016-05","6.9","35","1.82",,,"57.5","70.4","44.7",
"USW00094889","ANN ARBOR MUNICIPAL AIRPORT, MI US","42.22278","-83.74444","255.7","2016-06","6.5","122","3.11",,,"66.4","80.7","52.1",
"USW00094889","ANN ARBOR MUNICIPAL AIRPORT, MI US","42.22278","-83.74444","255.7","2016-07","6.0","360","3.20",,,"72.2","85.6","58.8",
"USW00094889","ANN ARBOR MUNICIPAL AIRPORT, MI US","42.22278","-83.74444","255.7","2016-08","5.1","589","4.65",,,"72.4","84.9","59.8",
"USW00094889","ANN ARBOR MUNICIPAL AIRPORT, MI US","42.22278","-83.74444","255.7","2016-09","5.6","659","3.22",,,"64.8","76.8","52.7",
"USW00094889","ANN ARBOR MUNICIPAL AIRPORT, MI US","42.22278","-83.74444","255.7","2016-10","6.5","667","2.98",,,"52.4","64.0","40.7",
"USW00094889","ANN ARBOR MUNICIPAL AIRPORT, MI US","42.22278","-83.74444","255.7","2016-11","7.4","667","0.24",,,"43.0","55.2","30.9",
"USW00094889","ANN ARBOR MUNICIPAL AIRPORT, MI US","42.22278","-83.74444","255.7","2016-12","9.6","667","0.85",,,"26.1","33.0","19.2",
"USW00094889","ANN ARBOR MUNICIPAL AIRPORT, MI US","42.22278","-83.74444","255.7","2017-01","8.5","0","2.46",,,"29.7","36.5","22.9",
"USW00094889","ANN ARBOR MUNICIPAL AIRPORT, MI US","42.22278","-83.74444","255.7","2017-02","8.7","0","2.72",,,"34.8","45.8","23.9",
"USW00094889","ANN ARBOR MUNICIPAL AIRPORT, MI US","42.22278","-83.74444","255.7","2017-03","10.1","0","3.25",,,"34.6","43.0","26.2",
"USW00094889","ANN ARBOR MUNICIPAL AIRPORT, MI US","42.22278","-83.74444","255.7","2017-04","9.2","4","4.38",,,"52.3","63.2","41.5",
"USW00094889","ANN ARBOR MUNICIPAL AIRPORT, MI US","42.22278","-83.74444","255.7","2017-05","8.7","25","3.72",,,"56.7","67.7","45.7",
"USW00094889","ANN ARBOR MUNICIPAL AIRPORT, MI US","42.22278","-83.74444","255.7","2017-06","7.8","131","0.82",,,"66.4","80.7","52.0",
"USW00094889","ANN ARBOR MUNICIPAL AIRPORT, MI US","42.22278","-83.74444","255.7","2017-07","5.6","296","2.10",,,"70.1","83.4","56.8",
"USW00094889","ANN ARBOR MUNICIPAL AIRPORT, MI US","42.22278","-83.74444","255.7","2017-08","5.8","380","2.07",,,"66.8","80.8","52.8",
"USW00094889","ANN ARBOR MUNICIPAL AIRPORT, MI US","42.22278","-83.74444","255.7","2017-09","4.7","464","0.26",,,"63.3","77.5","49.1",
"USW00094889","ANN ARBOR MUNICIPAL AIRPORT, MI US","42.22278","-83.74444","255.7","2017-10","6.9","480","4.06",,,"53.7","65.4","41.9",
"USW00094889","ANN ARBOR MUNICIPAL AIRPORT, MI US","42.22278","-83.74444","255.7","2017-11","7.6","480","3.90",,,"37.5","46.5","28.5",
"USW00094889","ANN ARBOR MUNICIPAL AIRPORT, MI US","42.22278","-83.74444","255.7","2017-12","8.1","480","0.70",,,"23.2","31.7","14.7",
"USW00094889","ANN ARBOR MUNICIPAL AIRPORT, MI US","42.22278","-83.74444","255.7","2018-01","8.7","0","0.76",,,"23.4","33.2","13.6",
"USW00094889","ANN ARBOR MUNICIPAL AIRPORT, MI US","42.22278","-83.74444","255.7","2018-02","8.1","0","3.44",,,"27.7","37.7","17.6",
"USW00094889","ANN ARBOR MUNICIPAL AIRPORT, MI US","42.22278","-83.74444","255.7","2018-03","8.9","0","2.61",,,"33.2","42.1","24.3",
"USW00094889","ANN ARBOR MUNICIPAL AIRPORT, MI US","42.22278","-83.74444","255.7","2018-04","8.7","0","2.87",,,"40.7","51.7","29.7",
"USW00094889","ANN ARBOR MUNICIPAL AIRPORT, MI US","42.22278","-83.74444","255.7","2018-05","6.7","68","5.34",,,"63.6","76.3","50.8",
"USW00094889","ANN ARBOR MUNICIPAL AIRPORT, MI US","42.22278","-83.74444","255.7","2018-06","6.7","188","1.48",,,"68.2","78.6","57.9",
"USW00094889","ANN ARBOR MUNICIPAL AIRPORT, MI US","42.22278","-83.74444","255.7","2018-07","5.4","354","2.19",,,"70.5","84.6","56.3",
"USW00094889","ANN ARBOR MUNICIPAL AIRPORT, MI US","42.22278","-83.74444","255.7","2018-08","5.8","578",,,,"72.0","83.4","60.7",
"USW00094889","ANN ARBOR MUNICIPAL AIRPORT, MI US","42.22278","-83.74444","255.7","2018-09","6.0","695","2.01",,,"64.7","75.5","53.9",
"USW00094889","ANN ARBOR MUNICIPAL AIRPORT, MI US","42.22278","-83.74444","255.7","2018-10","7.4","717","1.45",,,"49.2","59.6","38.7",
"USW00094889","ANN ARBOR MUNICIPAL AIRPORT, MI US","42.22278","-83.74444","255.7","2018-11","8.1","717","2.99",,,"33.8","39.7","27.9",
"USW00094889","ANN ARBOR MUNICIPAL AIRPORT, MI US","42.22278","-83.74444","255.7","2018-12","6.9","717","1.45",,,"31.8","38.9","24.7",
"USW00094889","ANN ARBOR MUNICIPAL AIRPORT, MI US","42.22278","-83.74444","255.7","2019-01","9.4","0","0.98",,,"21.7","30.3","13.1",
"USW00094889","ANN ARBOR MUNICIPAL AIRPORT, MI US","42.22278","-83.74444","255.7","2019-02","9.4","0","1.78",,,"26.1","34.6","17.6",
"USW00094889","ANN ARBOR MUNICIPAL AIRPORT, MI US","42.22278","-83.74444","255.7","2019-03","8.3","0","2.46",,,"31.9","42.2","21.6",
"USW00094889","ANN ARBOR MUNICIPAL AIRPORT, MI US","42.22278","-83.74444","255.7","2019-04","9.6","0","4.99",,,"47.0","57.5","36.5",
"USW00094889","ANN ARBOR MUNICIPAL AIRPORT, MI US","42.22278","-83.74444","255.7","2019-05","7.2","7","2.35",,,"56.4","68.2","44.6",
"USW00094889","ANN ARBOR MUNICIPAL AIRPORT, MI US","42.22278","-83.74444","255.7","2019-06","6.5","82","4.94",,,"64.9","76.3","53.4",
"USW00094889","ANN ARBOR MUNICIPAL AIRPORT, MI US","42.22278","-83.74444","255.7","2019-07","5.6","316","1.78",,,"74.0","86.4","61.6",
"USW00094889","ANN ARBOR MUNICIPAL AIRPORT, MI US","42.22278","-83.74444","255.7","2019-08","6.0","456","0.94",,,"69.2","82.1","56.3",
"USW00094889","ANN ARBOR MUNICIPAL AIRPORT, MI US","42.22278","-83.74444","255.7","2019-09","6.0","529","1.21",,,"65.8","76.7","54.9",
"USW00094889","ANN ARBOR MUNICIPAL AIRPORT, MI US","42.22278","-83.74444","255.7","2019-10","7.4","537","3.56",,,"50.3","61.5","39.2",
"USW00094889","ANN ARBOR MUNICIPAL AIRPORT, MI US","42.22278","-83.74444","255.7","2019-11","7.6","537","1.00",,,"32.4","41.1","23.8",
"USW00094889","ANN ARBOR MUNICIPAL AIRPORT, MI US","42.22278","-83.74444","255.7","2019-12","7.8","537","2.20",,,"32.4","41.0","23.8",
"USW00094847","DETROIT METRO AIRPORT, MI US","42.2313","-83.3308","192.3","2010-01","9.4","0","0.76",,"8.9","25.1","30.3","19.9",
"USW00094847","DETROIT METRO AIRPORT, MI US","42.2313","-83.3308","192.3","2010-02","7.6","0","1.90",,"27.1","27.8","32.9","22.7",
"USW00094847","DETROIT METRO AIRPORT, MI US","42.2313","-83.3308","192.3","2010-03","7.4","0","1.07",,"0.0","42.3","52.4","32.3",
"USW00094847","DETROIT METRO AIRPORT, MI US","42.2313","-83.3308","192.3","2010-04","9.4","7","2.26",,"0.0","54.2","65.8","42.7",
"USW00094847","DETROIT METRO AIRPORT, MI US","42.2313","-83.3308","192.3","2010-05","7.8","102","5.31",,"0.0","62.7","72.0","53.3",
"USW00094847","DETROIT METRO AIRPORT, MI US","42.2313","-83.3308","192.3","2010-06","7.8","307","5.42",,"0.0","71.4","79.9","62.9",
"USW00094847","DETROIT METRO AIRPORT, MI US","42.2313","-83.3308","192.3","2010-07","6.5","666","5.96",,"0.0","76.6","86.2","67.0",
"USW00094847","DETROIT METRO AIRPORT, MI US","42.2313","-83.3308","192.3","2010-08","6.5","984","0.59",,"0.0","75.2","84.5","66.0",
"USW00094847","DETROIT METRO AIRPORT, MI US","42.2313","-83.3308","192.3","2010-09","8.5","1065","3.32",,"0.0","64.5","73.7","55.3",
"USW00094847","DETROIT METRO AIRPORT, MI US","42.2313","-83.3308","192.3","2010-10","8.7","1070","1.07",,"0.0","54.9","64.8","45.1",
"USW00094847","DETROIT METRO AIRPORT, MI US","42.2313","-83.3308","192.3","2010-11","8.1","1070","3.34",,"0.0","42.0","51.5","32.5",
"USW00094847","DETROIT METRO AIRPORT, MI US","42.2313","-83.3308","192.3","2010-12","9.6","1070","1.29",,"9.3","25.6","30.6","20.7",
"USW00094847","DETROIT METRO AIRPORT, MI US","42.2313","-83.3308","192.3","2011-01","8.1","0","1.54",,"18.0","21.8","27.7","16.0",
"USW00094847","DETROIT METRO AIRPORT, MI US","42.2313","-83.3308","192.3","2011-02","10.7","0","3.60",,"31.7","24.7","32.1","17.4",
"USW00094847","DETROIT METRO AIRPORT, MI US","42.2313","-83.3308","192.3","2011-03","8.3","0","3.61",,"8.7","35.0","43.4","26.7",
"USW00094847","DETROIT METRO AIRPORT, MI US","42.2313","-83.3308","192.3","2011-04","10.5","0","5.61",,"1.6","47.3","56.3","38.2",
"USW00094847","DETROIT METRO AIRPORT, MI US","42.2313","-83.3308","192.3","2011-05","7.8","61","5.39",,"0.0","60.7","69.9","51.6",
"USW00094847","DETROIT METRO AIRPORT, MI US","42.2313","-83.3308","192.3","2011-06","7.8","242","0.94",,"0.0","70.6","80.4","60.7",
"USW00094847","DETROIT METRO AIRPORT, MI US","42.2313","-83.3308","192.3","2011-07","6.3","686","7.67",,"0.0","79.3","89.3","69.3",
"USW00094847","DETROIT METRO AIRPORT, MI US","42.2313","-83.3308","192.3","2011-08","6.3","939","2.16",,"0.0","73.2","82.7","63.7",
"USW00094847","DETROIT METRO AIRPORT, MI US","42.2313","-83.3308","192.3","2011-09","7.2","1032","6.28",,"0.0","64.4","72.5","56.3",
"USW00094847","DETROIT METRO AIRPORT, MI US","42.2313","-83.3308","192.3","2011-10","7.2","1037","2.15",,"0.0","54.4","63.1","45.6",
"USW00094847","DETROIT METRO AIRPORT, MI US","42.2313","-83.3308","192.3","2011-11","11.0","1037","6.00",,"0.6","46.6","54.9","38.2",
"USW00094847","DETROIT METRO AIRPORT, MI US","42.2313","-83.3308","192.3","2011-12","8.7","1037","2.80",,"5.7","35.5","41.5","29.6",
"USW00094847","DETROIT METRO AIRPORT, MI US","42.2313","-83.3308","192.3","2012-01","10.3","0","3.00",,"9.3","30.7","37.8","23.6",
"USW00094847","DETROIT METRO AIRPORT, MI US","42.2313","-83.3308","192.3","2012-02","8.9","0","1.91",,"10.2","32.6","39.4","25.9",
"USW00094847","DETROIT METRO AIRPORT, MI US","42.2313","-83.3308","192.3","2012-03","9.6","16","2.96",,"0.2","50.7","61.0","40.4",
"USW00094847","DETROIT METRO AIRPORT, MI US","42.2313","-83.3308","192.3","2012-04","9.2","19","2.15",,"0.0","49.4","60.0","38.7",
"USW00094847","DETROIT METRO AIRPORT, MI US","42.2313","-83.3308","192.3","2012-05","6.7","111","1.72",,"0.0","65.3","76.4","54.2",
"USW00094847","DETROIT METRO AIRPORT, MI US","42.2313","-83.3308","192.3","2012-06","8.3","351","1.31",,"0.0","72.3","84.0","60.6",
"USW00094847","DETROIT METRO AIRPORT, MI US","42.2313","-83.3308","192.3","2012-07","6.9","785","3.67",,"0.0","79.0","89.6","68.4",
"USW00094847","DETROIT METRO AIRPORT, MI US","42.2313","-83.3308","192.3","2012-08","5.8","1032","2.26",,"0.0","72.9","83.4","62.5",
"USW00094847","DETROIT METRO AIRPORT, MI US","42.2313","-83.3308","192.3","2012-09","6.5","1119","2.47",,"0.0","64.0","74.4","53.7",
"USW00094847","DETROIT METRO AIRPORT, MI US","42.2313","-83.3308","192.3","2012-10","10.1","1127","2.31",,"0.0","52.7","61.3","44.1",
"USW00094847","DETROIT METRO AIRPORT, MI US","42.2313","-83.3308","192.3","2012-11","6.7","1127","0.72",,"0.4","40.4","48.8","31.9",
"USW00094847","DETROIT METRO AIRPORT, MI US","42.2313","-83.3308","192.3","2012-12","8.3","1127","2.65",,"10.6","35.9","42.0","29.8",
"USW00094847","DETROIT METRO AIRPORT, MI US","42.2313","-83.3308","192.3","2013-01","10.3","0","3.46",,"10.1","28.7","36.6","20.8",
"USW00094847","DETROIT METRO AIRPORT, MI US","42.2313","-83.3308","192.3","2013-02","9.8","0","2.84",,"23.6","27.2","33.4","21.0",
"USW00094847","DETROIT METRO AIRPORT, MI US","42.2313","-83.3308","192.3","2013-03","9.8","0","0.75",,"3.1","34.6","42.4","26.9",
"USW00094847","DETROIT METRO AIRPORT, MI US","42.2313","-83.3308","192.3","2013-04","9.6","0","5.29",,"0.1","46.5","55.8","37.1",
"USW00094847","DETROIT METRO AIRPORT, MI US","42.2313","-83.3308","192.3","2013-05","8.3","98","2.54",,"0.0","63.6","75.3","52.0",
"USW00094847","DETROIT METRO AIRPORT, MI US","42.2313","-83.3308","192.3","2013-06","7.4","263","6.01",,"0.0","69.7","78.5","60.8",
"USW00094847","DETROIT METRO AIRPORT, MI US","42.2313","-83.3308","192.3","2013-07","6.7","548","4.14",,"0.0","74.0","82.5","65.6",
"USW00094847","DETROIT METRO AIRPORT, MI US","42.2313","-83.3308","192.3","2013-08","6.3","770","5.98",,"0.0","71.9","80.9","62.9",
"USW00094847","DETROIT METRO AIRPORT, MI US","42.2313","-83.3308","192.3","2013-09","6.3","845","1.20",,"0.0","64.1","73.7","54.5",
"USW00094847","DETROIT METRO AIRPORT, MI US","42.2313","-83.3308","192.3","2013-10","7.8","864","3.48",,"0.0","53.3","62.4","44.3",
"USW00094847","DETROIT METRO AIRPORT, MI US","42.2313","-83.3308","192.3","2013-11","11.2","864","1.82",,"1.3","37.6","44.7","30.5",
"USW00094847","DETROIT METRO AIRPORT, MI US","42.2313","-83.3308","192.3","2013-12","9.6","864","2.43",,"15.6","26.9","33.0","20.9",
"USW00094847","DETROIT METRO AIRPORT, MI US","42.2313","-83.3308","192.3","2014-01","12.1","0","2.93",,"39.2","16.5","24.5","8.5",
"USW00094847","DETROIT METRO AIRPORT, MI US","42.2313","-83.3308","192.3","2014-02","9.2","0","2.83",,"23.3","19.5","27.0","12.0",
"USW00094847","DETROIT METRO AIRPORT, MI US","42.2313","-83.3308","192.3","2014-03","9.4","0","1.50",,"12.5","28.8","37.7","19.9",
"USW00094847","DETROIT METRO AIRPORT, MI US","42.2313","-83.3308","192.3","2014-04","9.6","0","2.58",,"3.2","48.9","60.1","37.7",
"USW00094847","DETROIT METRO AIRPORT, MI US","42.2313","-83.3308","192.3","2014-05","7.8","62","4.87",,"0.0","61.4","71.5","51.3",
"USW00094847","DETROIT METRO AIRPORT, MI US","42.2313","-83.3308","192.3","2014-06","6.9","240","4.01",,"0.0","70.5","80.1","60.9",
"USW00094847","DETROIT METRO AIRPORT, MI US","42.2313","-83.3308","192.3","2014-07","7.6","400","2.44",,"0.0","69.9","79.9","59.9",
"USW00094847","DETROIT METRO AIRPORT, MI US","42.2313","-83.3308","192.3","2014-08","6.0","609","6.33",,"0.0","71.5","80.6","62.5",
"USW00094847","DETROIT METRO AIRPORT, MI US","42.2313","-83.3308","192.3","2014-09","6.0","677","4.72",,"0.0","63.5","73.3","53.7",
"USW00094847","DETROIT METRO AIRPORT, MI US","42.2313","-83.3308","192.3","2014-10","8.3","677","2.37",,"0.0","52.1","60.6","43.6",
"USW00094847","DETROIT METRO AIRPORT, MI US","42.2313","-83.3308","192.3","2014-11","11.4","677","1.67",,"4.0","35.9","43.3","28.5",
"USW00094847","DETROIT METRO AIRPORT, MI US","42.2313","-83.3308","192.3","2014-12","8.3","677","1.41",,"0.1","33.7","39.4","28.1",
"USW00094847","DETROIT METRO AIRPORT, MI US","42.2313","-83.3308","192.3","2015-01","9.6","0","1.46",,"14.2","21.4","28.2","14.5",
"USW00094847","DETROIT METRO AIRPORT, MI US","42.2313","-83.3308","192.3","2015-02","9.2","0","1.35",,"26.4","14.3","23.4","5.2",
"USW00094847","DETROIT METRO AIRPORT, MI US","42.2313","-83.3308","192.3","2015-03","8.9","0","0.80",,"2.8","34.6","44.1","25.2",
"USW00094847","DETROIT METRO AIRPORT, MI US","42.2313","-83.3308","192.3","2015-04","8.9","0","2.61",,"0.0","50.0","60.8","39.2",
"USW00094847","DETROIT METRO AIRPORT, MI US","42.2313","-83.3308","192.3","2015-05","8.1","99","5.55",,"0.0","64.5","75.1","54.0",
"USW00094847","DETROIT METRO AIRPORT, MI US","42.2313","-83.3308","192.3","2015-06","7.4","235","5.33",,"0.0","68.8","77.7","59.8",
"USW00094847","DETROIT METRO AIRPORT, MI US","42.2313","-83.3308","192.3","2015-07","6.5","482","1.76",,"0.0","72.9","82.9","62.9",
"USW00094847","DETROIT METRO AIRPORT, MI US","42.2313","-83.3308","192.3","2015-08","6.9","699","3.16",,"0.0","71.7","80.8","62.7",
"USW00094847","DETROIT METRO AIRPORT, MI US","42.2313","-83.3308","192.3","2015-09","6.3","864","1.30",,"0.0","69.3","79.2","59.4",
"USW00094847","DETROIT METRO AIRPORT, MI US","42.2313","-83.3308","192.3","2015-10","9.6","865","1.97",,"0.0","54.6","63.7","45.4",
"USW00094847","DETROIT METRO AIRPORT, MI US","42.2313","-83.3308","192.3","2015-11","9.4","865","2.06",,"6.2","46.1","55.3","36.8",
"USW00094847","DETROIT METRO AIRPORT, MI US","42.2313","-83.3308","192.3","2015-12","9.4","865","3.02",,"1.3","41.1","47.3","34.9",
"USW00094847","DETROIT METRO AIRPORT, MI US","42.2313","-83.3308","192.3","2016-01","10.5","0","1.35",,"8.4","28.2","35.0","21.4",
"USW00094847","DETROIT METRO AIRPORT, MI US","42.2313","-83.3308","192.3","2016-02","10.7","0","2.02",,"10.7","31.3","39.0","23.6",
"USW00094847","DETROIT METRO AIRPORT, MI US","42.2313","-83.3308","192.3","2016-03","8.9","0","4.86",,"7.4","43.2","51.9","34.5",
"USW00094847","DETROIT METRO AIRPORT, MI US","42.2313","-83.3308","192.3","2016-04","8.3","0","2.31",,"1.3","46.4","56.2","36.5",
"USW00094847","DETROIT METRO AIRPORT, MI US","42.2313","-83.3308","192.3","2016-05","7.6","75","2.20",,"0.0","61.1","71.1","51.0",
"USW00094847","DETROIT METRO AIRPORT, MI US","42.2313","-83.3308","192.3","2016-06","7.6","274","1.30",,"0.0","71.1","82.5","59.8",
"USW00094847","DETROIT METRO AIRPORT, MI US","42.2313","-83.3308","192.3","2016-07","7.4","639","1.57",,"0.0","76.8","86.8","66.7",
"USW00094847","DETROIT METRO AIRPORT, MI US","42.2313","-83.3308","192.3","2016-08","6.5","1002","5.62",,"0.0","76.7","86.3","67.1",
"USW00094847","DETROIT METRO AIRPORT, MI US","42.2313","-83.3308","192.3","2016-09","6.9","1129","6.28",,"0.0","68.2","76.9","59.4",
"USW00094847","DETROIT METRO AIRPORT, MI US","42.2313","-83.3308","192.3","2016-10","7.8","1150","2.98",,"0.0","55.9","64.5","47.3",
"USW00094847","DETROIT METRO AIRPORT, MI US","42.2313","-83.3308","192.3","2016-11","8.9","1150","2.11",,"0.1","46.7","55.8","37.6",
"USW00094847","DETROIT METRO AIRPORT, MI US","42.2313","-83.3308","192.3","2016-12","11.2","1150","2.16",,"16.9","29.1","34.6","23.6",
"USW00094847","DETROIT METRO AIRPORT, MI US","42.2313","-83.3308","192.3","2017-01","9.4","0","2.84",,"11.9","32.2","38.2","26.3",
"USW00094847","DETROIT METRO AIRPORT, MI US","42.2313","-83.3308","192.3","2017-02","10.1","0","1.91",,"2.2","38.0","47.4","28.7",
"USW00094847","DETROIT METRO AIRPORT, MI US","42.2313","-83.3308","192.3","2017-03","10.7","0","4.26",,"6.9","37.0","44.8","29.2",
"USW00094847","DETROIT METRO AIRPORT, MI US","42.2313","-83.3308","192.3","2017-04","10.3","6","3.55",,"0.1","54.3","64.5","44.1",
"USW00094847","DETROIT METRO AIRPORT, MI US","42.2313","-83.3308","192.3","2017-05","10.1","45","4.38",,"0.0","59.0","68.3","49.6",
"USW00094847","DETROIT METRO AIRPORT, MI US","42.2313","-83.3308","192.3","2017-06","9.6","241","2.03",,"0.0","71.1","81.6","60.5",
"USW00094847","DETROIT METRO AIRPORT, MI US","42.2313","-83.3308","192.3","2017-07","7.2","532","2.44",,"0.0","74.4","84.1","64.7",
"USW00094847","DETROIT METRO AIRPORT, MI US","42.2313","-83.3308","192.3","2017-08","7.2","726","3.91",,"0.0","71.1","81.0","61.1",
"USW00094847","DETROIT METRO AIRPORT, MI US","42.2313","-83.3308","192.3","2017-09","6.0","858","0.91",,"0.0","67.1","77.2","56.9",
"USW00094847","DETROIT METRO AIRPORT, MI US","42.2313","-83.3308","192.3","2017-10","9.2","888","2.84",,"0.0","57.3","66.1","48.5",
"USW00094847","DETROIT METRO AIRPORT, MI US","42.2313","-83.3308","192.3","2017-11","9.2","888","4.93",,"0.0","40.4","47.8","33.0",
"USW00094847","DETROIT METRO AIRPORT, MI US","42.2313","-83.3308","192.3","2017-12","9.8","888","1.49",,"22.5","26.7","33.1","20.4",
"USW00094847","DETROIT METRO AIRPORT, MI US","42.2313","-83.3308","192.3","2018-01","11.0","0","1.36",,"9.2","24.7","32.6","16.8",
"USW00094847","DETROIT METRO AIRPORT, MI US","42.2313","-83.3308","192.3","2018-02","9.8","0","4.28",,"21.0","31.1","39.2","23.0",
"USW00094847","DETROIT METRO AIRPORT, MI US","42.2313","-83.3308","192.3","2018-03","9.6","0","2.63",,"5.9","35.5","43.4","27.6",
"USW00094847","DETROIT METRO AIRPORT, MI US","42.2313","-83.3308","192.3","2018-04","9.2","0","3.80",,"2.4","43.0","52.3","33.7",
"USW00094847","DETROIT METRO AIRPORT, MI US","42.2313","-83.3308","192.3","2018-05","8.3","114","6.34",,"0.0","66.1","77.1","55.2",
"USW00094847","DETROIT METRO AIRPORT, MI US","42.2313","-83.3308","192.3","2018-06","7.8","316","3.66",,"0.0","71.5","80.5","62.5",
"USW00094847","DETROIT METRO AIRPORT, MI US","42.2313","-83.3308","192.3","2018-07","6.5","654","4.24",,"0.0","75.9","85.6","66.2",
"USW00094847","DETROIT METRO AIRPORT, MI US","42.2313","-83.3308","192.3","2018-08","7.6","989","1.20",,"0.0","75.8","84.7","66.9",
"USW00094847","DETROIT METRO AIRPORT, MI US","42.2313","-83.3308","192.3","2018-09","7.6","1172","6.47",,"0.0","68.9","77.5","60.3",
"USW00094847","DETROIT METRO AIRPORT, MI US","42.2313","-83.3308","192.3","2018-10","8.9","1206","3.57",,"0.0","52.6","61.1","44.2",
"USW00094847","DETROIT METRO AIRPORT, MI US","42.2313","-83.3308","192.3","2018-11","9.6","1206","3.63",,"6.7","37.1","42.0","32.3",
"USW00094847","DETROIT METRO AIRPORT, MI US","42.2313","-83.3308","192.3","2018-12","8.3","1206","2.67",,"0.6","34.5","40.5","28.6",
"USW00094847","DETROIT METRO AIRPORT, MI US","42.2313","-83.3308","192.3","2019-01","11.0","0","1.87",,"14.2","24.0","31.4","16.6",
"USW00094847","DETROIT METRO AIRPORT, MI US","42.2313","-83.3308","192.3","2019-02","10.3","0","2.23",,"7.3","28.4","35.9","20.9",
"USW00094847","DETROIT METRO AIRPORT, MI US","42.2313","-83.3308","192.3","2019-03","9.6","0","2.47",,"2.6","34.4","43.0","25.8",
"USW00094847","DETROIT METRO AIRPORT, MI US","42.2313","-83.3308","192.3","2019-04","10.5","0","5.83",,"0.0","49.0","57.8","40.1",
"USW00094847","DETROIT METRO AIRPORT, MI US","42.2313","-83.3308","192.3","2019-05","8.3","22","3.62",,"0.0","58.8","68.6","49.1",
"USW00094847","DETROIT METRO AIRPORT, MI US","42.2313","-83.3308","192.3","2019-06","7.6","150","2.86",,"0.0","68.1","77.6","58.7",
"USW00094847","DETROIT METRO AIRPORT, MI US","42.2313","-83.3308","192.3","2019-07","7.2","515","2.64",,"0.0","76.8","86.7","66.8",
"USW00094847","DETROIT METRO AIRPORT, MI US","42.2313","-83.3308","192.3","2019-08","7.4","767","3.14",,"0.0","73.1","82.5","63.7",
"USW00094847","DETROIT METRO AIRPORT, MI US","42.2313","-83.3308","192.3","2019-09","7.2","890","3.44",,"0.0","68.6","76.9","60.2",
"USW00094847","DETROIT METRO AIRPORT, MI US","42.2313","-83.3308","192.3","2019-10","8.5","904","4.41",,"0.0","53.9","62.8","45.1",
"USW00094847","DETROIT METRO AIRPORT, MI US","42.2313","-83.3308","192.3","2019-11","9.2","904","1.66",,"9.5","35.8","42.4","29.2",
"USW00094847","DETROIT METRO AIRPORT, MI US","42.2313","-83.3308","192.3","2019-12","9.6","904","2.29",,"2.7","35.1","42.1","28.2",
